open_time,close_time,open,high,low,close,volume,quote_asset_volume,num_trades,taker_buy_base_asset_volume,taker_buy_quote_asset_volume,ignore,open_timestamp,close_timestamp
2023-04-01 14:00:00,2023-04-02 01:59:59.999,1824.04000000,1827.13000000,1807.81000000,1821.04000000,113082.47190000,205762584.86733800,210266,56055.81670000,101994153.45020900,0,1680350400000,1680393599999
2023-04-01 02:00:00,2023-04-01 13:59:59.999,1821.52000000,1842.83000000,1812.12000000,1824.04000000,146868.24870000,268093369.08875100,334041,75913.03650000,138576300.71185300,0,1680307200000,1680350399999
2023-03-31 14:00:00,2023-04-01 01:59:59.999,1792.90000000,1847.28000000,1790.56000000,1821.52000000,349722.60370000,638705533.48180100,517664,186502.00020000,340596463.96697300,0,1680264000000,1680307199999
2023-03-31 02:00:00,2023-03-31 13:59:59.999,1793.60000000,1817.99000000,1777.91000000,1792.89000000,204802.87250000,368191403.54345300,385292,102687.75480000,184640698.97515400,0,1680220800000,1680263999999
2023-03-30 14:00:00,2023-03-31 01:59:59.999,1804.62000000,1805.88000000,1763.00000000,1793.61000000,258344.62580000,461704266.00246800,391886,132896.92790000,237511961.28978800,0,1680177600000,1680220799999
2023-03-30 02:00:00,2023-03-30 13:59:59.999,1793.06000000,1829.69000000,1766.50000000,1804.62000000,321345.41360000,577693117.77793200,484598,166928.72820000,300128896.33783400,0,1680134400000,1680177599999
2023-03-29 14:00:00,2023-03-30 01:59:59.999,1811.23000000,1816.42000000,1782.71000000,1793.07000000,223234.35030000,402187032.96936300,351423,115429.27550000,207972603.10992800,0,1680091200000,1680134399999
2023-03-29 02:00:00,2023-03-29 13:59:59.999,1773.00000000,1827.99000000,1772.48000000,1811.22000000,313631.24690000,565155278.11287100,459077,168517.27040000,303635319.20175500,0,1680048000000,1680091199999
2023-03-28 14:00:00,2023-03-29 01:59:59.999,1745.48000000,1795.73000000,1727.35000000,1772.99000000,322270.56840000,566518718.97219000,451220,174190.71840000,306255360.04984900,0,1680004800000,1680047999999
2023-03-28 02:00:00,2023-03-28 13:59:59.999,1715.21000000,1754.48000000,1701.13000000,1745.48000000,214240.82890000,368988665.17748800,315667,112186.49800000,193220736.77450800,0,1679961600000,1680004799999
2023-03-27 14:00:00,2023-03-28 01:59:59.999,1765.42000000,1769.33000000,1686.13000000,1715.22000000,417220.15100000,717006138.54047300,536221,199836.92810000,343398541.86638000,0,1679918400000,1679961599999
2023-03-27 02:00:00,2023-03-27 13:59:59.999,1773.88000000,1780.48000000,1746.57000000,1765.42000000,153343.35130000,270191831.67936700,274032,74791.50210000,131777361.84384400,0,1679875200000,1679918399999
2023-03-26 14:00:00,2023-03-27 01:59:59.999,1777.77000000,1801.00000000,1753.02000000,1773.88000000,209648.39390000,371638465.25990500,336967,106715.53510000,189146872.40773000,0,1679832000000,1679875199999
2023-03-26 01:00:00,2023-03-26 13:59:59.999,1741.88000000,1787.64000000,1739.31000000,1777.76000000,145284.84330000,256022023.01276500,255651,71802.73180000,126545019.91152400,0,1679788800000,1679831999999
2023-03-25 13:00:00,2023-03-26 00:59:59.999,1745.24000000,1763.23000000,1713.09000000,1741.88000000,205617.71150000,357725852.27318900,361081,98924.55700000,172141685.95961100,0,1679745600000,1679788799999
2023-03-25 01:00:00,2023-03-25 12:59:59.999,1749.57000000,1762.43000000,1736.05000000,1745.25000000,150061.66280000,262616144.91032300,259570,75824.72640000,132695753.72214600,0,1679702400000,1679745599999
2023-03-24 13:00:00,2023-03-25 00:59:59.999,1789.51000000,1789.51000000,1726.40000000,1749.57000000,339776.68650000,595662902.60499600,511012,167760.08060000,294021231.48491000,0,1679659200000,1679702399999
2023-03-24 01:00:00,2023-03-24 12:59:59.999,1813.78000000,1818.99000000,1776.78000000,1789.52000000,224993.45520000,405883281.92713900,344588,115397.26880000,208200860.22533700,0,1679616000000,1679659199999
2023-03-23 13:00:00,2023-03-24 00:59:59.999,1754.79000000,1857.16000000,1741.33000000,1813.79000000,539172.90510000,975852183.79645100,764522,290278.43930000,525567363.04043900,0,1679572800000,1679615999999
2023-03-23 01:00:00,2023-03-23 12:59:59.999,1734.34000000,1759.00000000,1729.35000000,1754.80000000,192888.19790000,336347131.78105400,310191,98365.75170000,171539406.77252300,0,1679529600000,1679572799999
2023-03-22 13:00:00,2023-03-23 00:59:59.999,1785.26000000,1819.98000000,1710.12000000,1734.33000000,698789.26430000,1235972370.94620700,952126,340393.48430000,602514307.35307700,0,1679486400000,1679529599999
2023-03-22 01:00:00,2023-03-22 12:59:59.999,1801.23000000,1807.66000000,1778.02000000,1785.25000000,192498.33660000,345102329.26317300,333904,91919.24240000,164808370.71252200,0,1679443200000,1679486399999
2023-03-21 13:00:00,2023-03-22 00:59:59.999,1761.34000000,1835.00000000,1758.33000000,1801.23000000,502601.78540000,905896652.51333200,753347,271575.14470000,489653081.51555600,0,1679400000000,1679443199999
2023-03-21 01:00:00,2023-03-21 12:59:59.999,1732.77000000,1767.77000000,1717.01000000,1761.34000000,239746.71450000,418121911.69770300,412689,127819.10130000,222950600.74446900,0,1679356800000,1679399999999
2023-03-20 13:00:00,2023-03-21 00:59:59.999,1779.40000000,1782.54000000,1722.00000000,1732.78000000,340207.96610000,598001529.16856200,560025,174709.31230000,307116875.34658800,0,1679313600000,1679356799999
2023-03-20 01:00:00,2023-03-20 12:59:59.999,1780.67000000,1803.05000000,1736.57000000,1779.41000000,342640.15870000,607034917.78265900,523742,171522.15350000,303895730.82611700,0,1679270400000,1679313599999
2023-03-19 13:00:00,2023-03-20 00:59:59.999,1784.66000000,1841.36000000,1773.26000000,1780.68000000,381199.03350000,688080032.41538500,598045,194720.72420000,351436075.87838700,0,1679227200000,1679270399999
2023-03-19 01:00:00,2023-03-19 12:59:59.999,1758.84000000,1788.58000000,1757.92000000,1784.66000000,159932.85730000,283926229.16482400,321048,80309.45140000,142580291.38043200,0,1679184000000,1679227199999
2023-03-18 13:00:00,2023-03-19 00:59:59.999,1813.16000000,1841.00000000,1747.47000000,1758.84000000,378211.03280000,677073513.71855300,609912,183108.58570000,327869686.91098100,0,1679140800000,1679183999999
2023-03-18 01:00:00,2023-03-18 12:59:59.999,1789.26000000,1831.34000000,1767.13000000,1813.15000000,333403.69820000,603115845.70599600,505978,170023.38140000,307503339.29158400,0,1679097600000,1679140799999
2023-03-17 13:00:00,2023-03-18 00:59:59.999,1761.13000000,1800.00000000,1703.02000000,1789.27000000,443993.21900000,774224020.34696000,679386,234529.13970000,409353105.95307900,0,1679054400000,1679097599999
2023-03-17 01:00:00,2023-03-17 12:59:59.999,1673.73000000,1763.97000000,1662.65000000,1761.12000000,463535.06350000,795041176.10594500,613669,241726.35510000,414663790.61665500,0,1679011200000,1679054399999
2023-03-16 13:00:00,2023-03-17 00:59:59.999,1660.37000000,1691.42000000,1635.96000000,1673.73000000,319484.33640000,530877958.54744700,500568,165194.75380000,274529596.40863500,0,1678968000000,1679011199999
2023-03-16 01:00:00,2023-03-16 12:59:59.999,1649.95000000,1669.99000000,1632.18000000,1660.36000000,308501.27550000,509165282.59283800,503838,160066.44550000,264159990.02400000,0,1678924800000,1678967999999
2023-03-15 13:00:00,2023-03-16 00:59:59.999,1679.91000000,1698.29000000,1611.00000000,1649.96000000,633705.28360000,1044938642.87163100,908759,301017.34600000,496445886.74204600,0,1678881600000,1678924799999
2023-03-15 01:00:00,2023-03-15 12:59:59.999,1699.41000000,1716.90000000,1650.54000000,1679.92000000,329437.19970000,557522063.02406400,479625,162767.86390000,275524713.52735600,0,1678838400000,1678881599999
2023-03-14 13:00:00,2023-03-15 00:59:59.999,1683.65000000,1780.02000000,1659.29000000,1699.40000000,903908.61400000,1560733587.68097900,1161301,466772.83340000,805608903.73082200,0,1678795200000,1678838399999
2023-03-14 01:00:00,2023-03-14 12:59:59.999,1673.44000000,1695.00000000,1655.24000000,1683.65000000,379412.62150000,635000240.22914300,588734,199292.84780000,333590529.63276800,0,1678752000000,1678795199999
2023-03-13 13:00:00,2023-03-14 00:59:59.999,1581.07000000,1693.49000000,1572.54000000,1673.45000000,670093.12720000,1103265685.30370800,919177,347313.91370000,572018589.83593800,0,1678708800000,1678751999999
2023-03-13 01:00:00,2023-03-13 12:59:59.999,1580.33000000,1622.60000000,1565.00000000,1581.07000000,557970.47810000,889012199.49263300,752106,284072.39210000,452603984.53493200,0,1678665600000,1678708799999
2023-03-12 13:00:00,2023-03-13 00:59:59.999,1465.18000000,1594.19000000,1448.30000000,1580.33000000,709327.18310000,1077937892.69582500,909202,361341.76220000,549830934.23766000,0,1678622400000,1678665599999
2023-03-12 01:00:00,2023-03-12 12:59:59.999,1471.93000000,1475.05000000,1449.90000000,1465.17000000,293027.90980000,428901847.77382900,344697,146274.56590000,214107989.44538300,0,1678579200000,1678622399999
2023-03-11 13:00:00,2023-03-12 00:59:59.999,1427.10000000,1478.07000000,1422.32000000,1471.97000000,442487.98800000,639611867.57437100,503458,220046.53420000,318137301.11489900,0,1678536000000,1678579199999
2023-03-11 01:00:00,2023-03-11 12:59:59.999,1426.43000000,1476.00000000,1408.40000000,1427.10000000,932371.63210000,1348314984.77400300,963798,454008.61620000,656917387.39446200,0,1678492800000,1678535999999
2023-03-10 13:00:00,2023-03-11 00:59:59.999,1384.61000000,1439.43000000,1382.00000000,1426.44000000,486611.79710000,686991554.72428800,638595,242240.85030000,342004629.37857000,0,1678449600000,1678492799999
2023-03-10 01:00:00,2023-03-10 12:59:59.999,1437.32000000,1437.50000000,1368.39000000,1384.60000000,473650.65380000,666749834.10297100,516614,220177.77290000,309914360.91337400,0,1678406400000,1678449599999
2023-03-09 13:00:00,2023-03-10 00:59:59.999,1535.31000000,1546.45000000,1408.00000000,1437.32000000,552339.31630000,817241124.05720300,662426,256532.65730000,379921621.91761600,0,1678363200000,1678406399999
2023-03-09 01:00:00,2023-03-09 12:59:59.999,1532.38000000,1545.00000000,1522.52000000,1535.32000000,166145.82010000,255155753.85037500,252509,83888.15860000,128827947.17719600,0,1678320000000,1678363199999
2023-03-08 13:00:00,2023-03-09 00:59:59.999,1557.22000000,1566.02000000,1523.61000000,1532.38000000,319579.89910000,495587923.60882400,410904,156199.18750000,242254598.87479300,0,1678276800000,1678319999999
2023-03-08 01:00:00,2023-03-08 12:59:59.999,1561.95000000,1570.89000000,1548.00000000,1557.23000000,140521.86670000,218964472.38445500,236293,70926.65390000,110521803.84786700,0,1678233600000,1678276799999
2023-03-07 13:00:00,2023-03-08 00:59:59.999,1563.43000000,1573.00000000,1536.14000000,1561.96000000,314879.28010000,489587778.36100500,397691,159896.89240000,248643153.72637600,0,1678190400000,1678233599999
2023-03-07 01:00:00,2023-03-07 12:59:59.999,1565.84000000,1584.49000000,1561.48000000,1563.42000000,123068.62310000,193277862.38340700,203466,62941.27900000,98854754.20974600,0,1678147200000,1678190399999
2023-03-06 13:00:00,2023-03-07 00:59:59.999,1563.32000000,1583.49000000,1559.41000000,1565.84000000,177720.99370000,279026275.11195300,250767,89763.27370000,140958220.54741600,0,1678104000000,1678147199999
2023-03-06 01:00:00,2023-03-06 12:59:59.999,1564.57000000,1572.80000000,1554.44000000,1563.33000000,129988.30740000,203120488.85444400,244363,61665.99290000,96357440.63622000,0,1678060800000,1678103999999
2023-03-05 13:00:00,2023-03-06 00:59:59.999,1568.49000000,1579.45000000,1556.15000000,1564.58000000,145487.60440000,228065806.28638200,234570,71397.50400000,111917272.59289000,0,1678017600000,1678060799999
2023-03-05 01:00:00,2023-03-05 12:59:59.999,1566.74000000,1588.77000000,1553.05000000,1568.50000000,153753.13710000,241663292.17635600,270464,74855.35310000,117669022.98849200,0,1677974400000,1678017599999
2023-03-04 13:00:00,2023-03-05 00:59:59.999,1569.24000000,1572.12000000,1549.12000000,1566.73000000,145252.30870000,226795149.40297800,239928,67427.21370000,105287083.16819200,0,1677931200000,1677974399999
2023-03-04 01:00:00,2023-03-04 12:59:59.999,1569.45000000,1577.53000000,1562.71000000,1569.24000000,92387.95190000,145070487.39147800,202230,47096.42590000,73955373.75839800,0,1677888000000,1677931199999
2023-03-03 13:00:00,2023-03-04 00:59:59.999,1564.57000000,1580.87000000,1547.21000000,1569.45000000,281785.82080000,441287008.65258000,422770,132512.49000000,207529053.77775600,0,1677844800000,1677887999999
2023-03-03 01:00:00,2023-03-03 12:59:59.999,1647.86000000,1649.25000000,1544.39000000,1564.57000000,461030.77680000,725286988.09165600,585363,223530.37570000,351389700.78857900,0,1677801600000,1677844799999
2023-03-02 13:00:00,2023-03-03 00:59:59.999,1644.49000000,1658.00000000,1619.18000000,1647.86000000,247539.24180000,404968680.46848300,343718,123837.78240000,202551645.15831300,0,1677758400000,1677801599999
2023-03-02 01:00:00,2023-03-02 12:59:59.999,1665.23000000,1677.86000000,1637.57000000,1644.49000000,175484.56640000,289396197.03592500,300682,86070.56560000,141971015.49428900,0,1677715200000,1677758399999
2023-03-01 13:00:00,2023-03-02 00:59:59.999,1656.33000000,1669.65000000,1631.03000000,1665.22000000,234939.03610000,388120589.71336000,361272,112225.88010000,185383149.38783800,0,1677672000000,1677715199999
2023-03-01 01:00:00,2023-03-01 12:59:59.999,1605.24000000,1669.72000000,1595.00000000,1656.33000000,239517.78740000,392511663.89300600,364274,121584.81920000,199228326.21424400,0,1677628800000,1677671999999
2023-02-28 13:00:00,2023-03-01 00:59:59.999,1629.52000000,1647.52000000,1596.66000000,1605.23000000,260647.53870000,423932112.26171400,396216,126277.32910000,205513538.57455900,0,1677585600000,1677628799999
2023-02-28 01:00:00,2023-02-28 12:59:59.999,1633.45000000,1636.23000000,1616.34000000,1629.53000000,132875.62600000,216218654.04949100,230071,65984.14670000,107365730.59260100,0,1677542400000,1677585599999
2023-02-27 13:00:00,2023-02-28 00:59:59.999,1641.24000000,1665.22000000,1608.00000000,1633.45000000,291279.49860000,477482476.53214000,425993,145944.16830000,239241687.15369600,0,1677499200000,1677542399999
2023-02-27 01:00:00,2023-02-27 12:59:59.999,1641.37000000,1650.91000000,1631.15000000,1641.23000000,140581.91430000,230358646.52546700,253778,69258.72450000,113494791.00044700,0,1677456000000,1677499199999
2023-02-26 13:00:00,2023-02-27 00:59:59.999,1603.90000000,1651.26000000,1595.02000000,1641.36000000,210246.27460000,341663549.61593400,335979,104943.97290000,170593924.51060900,0,1677412800000,1677455999999
2023-02-26 01:00:00,2023-02-26 12:59:59.999,1594.58000000,1607.00000000,1587.76000000,1603.90000000,98361.71950000,157338829.90419500,208029,48133.96590000,76994821.78890400,0,1677369600000,1677412799999
2023-02-25 13:00:00,2023-02-26 00:59:59.999,1600.05000000,1603.84000000,1557.33000000,1594.58000000,166854.73980000,264658467.95357400,299472,82867.70200000,131449985.75187100,0,1677326400000,1677369599999
2023-02-25 01:00:00,2023-02-25 12:59:59.999,1607.80000000,1608.98000000,1593.95000000,1600.05000000,123333.29930000,197469725.15081900,233362,61228.53270000,98038733.56300900,0,1677283200000,1677326399999
2023-02-24 13:00:00,2023-02-25 00:59:59.999,1647.43000000,1654.76000000,1575.64000000,1607.80000000,357003.25510000,574475473.35777500,544469,169091.25580000,272173650.23930400,0,1677240000000,1677283199999
2023-02-24 01:00:00,2023-02-24 12:59:59.999,1650.52000000,1664.66000000,1641.08000000,1647.43000000,155512.24310000,256689100.76046500,284780,75848.20040000,125203440.78727600,0,1677196800000,1677239999999
2023-02-23 13:00:00,2023-02-24 00:59:59.999,1637.49000000,1671.31000000,1628.75000000,1650.53000000,264412.53970000,436943851.97723600,452634,132040.66960000,218178738.04769200,0,1677153600000,1677196799999
2023-02-23 01:00:00,2023-02-23 12:59:59.999,1643.15000000,1679.00000000,1631.11000000,1637.48000000,236893.43200000,392810907.58827900,396461,118017.42560000,195739406.43034100,0,1677110400000,1677153599999
2023-02-22 13:00:00,2023-02-23 00:59:59.999,1644.50000000,1650.62000000,1595.07000000,1643.14000000,307067.06350000,497885537.05186100,492705,155422.30210000,251991242.62961000,0,1677067200000,1677110399999
2023-02-22 01:00:00,2023-02-22 12:59:59.999,1659.77000000,1666.95000000,1621.59000000,1644.49000000,221808.41740000,364096951.96471000,394912,106054.99280000,174099925.10610900,0,1677024000000,1677067199999
2023-02-21 13:00:00,2023-02-22 00:59:59.999,1669.51000000,1686.69000000,1636.30000000,1659.76000000,257281.70390000,428493650.63338900,426418,131086.91920000,218378558.20005400,0,1676980800000,1677023999999
2023-02-21 01:00:00,2023-02-21 12:59:59.999,1703.27000000,1716.66000000,1666.17000000,1669.50000000,263072.76490000,445643047.65120200,411483,129980.91490000,220272938.04854800,0,1676937600000,1676980799999
2023-02-20 13:00:00,2023-02-21 00:59:59.999,1713.78000000,1716.53000000,1684.32000000,1703.27000000,199177.34370000,339208796.37850600,369693,101308.80760000,172559371.74741000,0,1676894400000,1676937599999
2023-02-20 01:00:00,2023-02-20 12:59:59.999,1679.74000000,1719.89000000,1650.56000000,1713.77000000,252137.48980000,425990155.58507100,382423,131827.95340000,222813307.69304500,0,1676851200000,1676894399999
2023-02-19 13:00:00,2023-02-20 00:59:59.999,1695.36000000,1726.59000000,1666.14000000,1679.75000000,270837.85150000,459205588.16131000,426552,132509.19400000,224792018.07457700,0,1676808000000,1676851199999
2023-02-19 01:00:00,2023-02-19 12:59:59.999,1691.62000000,1709.63000000,1689.50000000,1695.36000000,130185.19620000,220886439.16998800,207562,65870.71600000,111761629.68001000,0,1676764800000,1676807999999
2023-02-18 13:00:00,2023-02-19 00:59:59.999,1691.47000000,1713.13000000,1679.77000000,1691.62000000,131042.54120000,221938733.95873500,232141,67323.74570000,114034174.03945500,0,1676721600000,1676764799999
2023-02-18 01:00:00,2023-02-18 12:59:59.999,1693.81000000,1704.46000000,1685.69000000,1691.47000000,136263.24010000,231031039.65151500,225841,64068.62100000,108635201.83080300,0,1676678400000,1676721599999
2023-02-17 13:00:00,2023-02-18 00:59:59.999,1666.20000000,1722.00000000,1646.09000000,1693.87000000,353598.94920000,595632334.95569300,554675,180273.36770000,303732603.40297900,0,1676635200000,1676678399999
2023-02-17 01:00:00,2023-02-17 12:59:59.999,1637.83000000,1674.75000000,1630.51000000,1666.20000000,226335.71380000,375259528.10260200,385347,118002.16590000,195670596.21824300,0,1676592000000,1676635199999
2023-02-16 13:00:00,2023-02-17 00:59:59.999,1682.82000000,1742.97000000,1633.72000000,1637.84000000,519995.39810000,879767230.30390400,752329,257913.00580000,436571189.56311000,0,1676548800000,1676591999999
2023-02-16 01:00:00,2023-02-16 12:59:59.999,1674.92000000,1712.24000000,1672.53000000,1682.82000000,312728.27500000,528328926.56231200,468433,164207.24370000,277474410.78117200,0,1676505600000,1676548799999
2023-02-15 13:00:00,2023-02-16 00:59:59.999,1572.26000000,1680.00000000,1566.86000000,1674.92000000,429601.65420000,692849243.90157100,599971,224141.24300000,361599826.53491000,0,1676462400000,1676505599999
2023-02-15 01:00:00,2023-02-15 12:59:59.999,1555.70000000,1580.00000000,1542.55000000,1572.26000000,151606.20440000,235603710.04347800,252763,79606.51600000,123767117.34221100,0,1676419200000,1676462399999
2023-02-14 13:00:00,2023-02-15 00:59:59.999,1507.70000000,1569.00000000,1482.66000000,1555.71000000,518647.08210000,795606839.36108700,601841,260948.65650000,400389837.84775800,0,1676376000000,1676419199999
2023-02-14 01:00:00,2023-02-14 12:59:59.999,1505.25000000,1519.82000000,1494.09000000,1507.70000000,150317.29470000,226036095.95288800,259497,68837.56180000,103529042.32471500,0,1676332800000,1676375999999
2023-02-13 13:00:00,2023-02-14 00:59:59.999,1486.07000000,1510.43000000,1461.93000000,1505.24000000,277120.73890000,411268123.01708700,378132,138306.02390000,205349148.91738900,0,1676289600000,1676332799999
2023-02-13 01:00:00,2023-02-13 12:59:59.999,1514.82000000,1526.10000000,1466.00000000,1486.07000000,366031.65150000,548376100.31798600,410270,168395.27560000,252162896.56485800,0,1676246400000,1676289599999
2023-02-12 13:00:00,2023-02-13 00:59:59.999,1533.47000000,1548.02000000,1493.08000000,1514.83000000,207741.00530000,316810272.69328700,328715,96429.87110000,147050463.93144300,0,1676203200000,1676246399999
2023-02-12 01:00:00,2023-02-12 12:59:59.999,1538.50000000,1540.06000000,1528.97000000,1533.48000000,79017.36870000,121204419.61474700,161894,38315.10540000,58774559.64273900,0,1676160000000,1676203199999
2023-02-11 13:00:00,2023-02-12 00:59:59.999,1520.16000000,1543.00000000,1505.00000000,1538.51000000,146081.05560000,222623386.45318500,244410,70207.50650000,107023006.45612600,0,1676116800000,1676159999999
2023-02-11 01:00:00,2023-02-11 12:59:59.999,1513.05000000,1526.80000000,1507.53000000,1520.16000000,143610.51520000,218033721.27515300,196096,71372.39260000,108345009.77765100,0,1676073600000,1676116799999
2023-02-10 13:00:00,2023-02-11 00:59:59.999,1537.04000000,1548.01000000,1490.00000000,1513.06000000,278982.87780000,425349218.52707000,398078,123184.38900000,187812397.68295600,0,1676030400000,1676073599999
2023-02-10 01:00:00,2023-02-10 12:59:59.999,1545.35000000,1555.01000000,1529.36000000,1537.03000000,205671.34210000,317815424.98442900,284137,97668.10680000,150948271.44580700,0,1675987200000,1676030399999
2023-02-09 13:00:00,2023-02-10 00:59:59.999,1633.16000000,1649.24000000,1524.40000000,1545.35000000,407749.29480000,646434437.21458200,623418,188598.08710000,299009796.23116700,0,1675944000000,1675987199999
2023-02-09 01:00:00,2023-02-09 12:59:59.999,1650.42000000,1656.17000000,1608.80000000,1633.15000000,250262.40160000,407579935.36881000,350461,128646.84950000,209456332.12086700,0,1675900800000,1675943999999
2023-02-08 13:00:00,2023-02-09 00:59:59.999,1673.90000000,1681.98000000,1630.47000000,1650.43000000,247988.18300000,410449970.91969100,386281,119742.09090000,198158771.98497700,0,1675857600000,1675900799999
2023-02-08 01:00:00,2023-02-08 12:59:59.999,1671.03000000,1697.91000000,1667.90000000,1673.90000000,169978.07090000,285343366.65774400,284752,86196.02980000,144720033.55338900,0,1675814400000,1675857599999
2023-02-07 13:00:00,2023-02-08 00:59:59.999,1640.71000000,1678.37000000,1624.39000000,1671.03000000,297941.37480000,492097489.82386500,492755,152170.12350000,251415650.68857000,0,1675771200000,1675814399999
2023-02-07 01:00:00,2023-02-07 12:59:59.999,1614.28000000,1647.87000000,1613.14000000,1640.71000000,153981.02520000,251537726.90468700,253817,82753.92900000,135181798.89414800,0,1675728000000,1675771199999
2023-02-06 13:00:00,2023-02-07 00:59:59.999,1634.81000000,1658.56000000,1605.01000000,1614.29000000,221431.11960000,361951325.42516300,364511,112005.19830000,183146231.22624500,0,1675684800000,1675727999999
2023-02-06 01:00:00,2023-02-06 12:59:59.999,1629.01000000,1642.53000000,1608.53000000,1634.81000000,162688.30010000,264879827.26242300,272077,79797.59490000,129955087.31335200,0,1675641600000,1675684799999
2023-02-05 13:00:00,2023-02-06 00:59:59.999,1662.60000000,1664.58000000,1609.30000000,1629.02000000,293887.26970000,480814167.51149600,459001,140170.28590000,229284008.47355400,0,1675598400000,1675641599999
2023-02-05 01:00:00,2023-02-05 12:59:59.999,1666.39000000,1673.81000000,1656.68000000,1662.60000000,119692.40510000,199313124.41524800,221426,58370.59170000,97197450.36287300,0,1675555200000,1675598399999
2023-02-04 13:00:00,2023-02-05 00:59:59.999,1661.92000000,1695.29000000,1658.53000000,1666.38000000,193838.92600000,325322599.10156200,325055,97475.39940000,163603331.54651500,0,1675512000000,1675555199999
2023-02-04 01:00:00,2023-02-04 12:59:59.999,1663.52000000,1665.95000000,1645.43000000,1661.92000000,114388.20350000,189535396.88423600,234253,55981.74260000,92750218.75870800,0,1675468800000,1675511999999
2023-02-03 13:00:00,2023-02-04 00:59:59.999,1649.20000000,1676.00000000,1625.93000000,1663.52000000,313885.12330000,519192019.15515000,458013,156500.43480000,258872829.98359800,0,1675425600000,1675468799999
2023-02-03 01:00:00,2023-02-03 12:59:59.999,1643.12000000,1650.83000000,1629.96000000,1649.20000000,150929.90870000,247757150.27527200,256662,73072.61010000,119974153.91774300,0,1675382400000,1675425599999
2023-02-02 13:00:00,2023-02-03 00:59:59.999,1671.98000000,1714.68000000,1626.85000000,1643.12000000,376313.35490000,629415626.14944700,553544,189116.96000000,316544149.34943700,0,1675339200000,1675382399999
2023-02-02 01:00:00,2023-02-02 12:59:59.999,1641.67000000,1696.38000000,1639.32000000,1671.99000000,252875.53250000,422688900.72321000,386001,125572.84730000,209806400.83861300,0,1675296000000,1675339199999
2023-02-01 13:00:00,2023-02-02 00:59:59.999,1580.87000000,1647.77000000,1555.18000000,1641.68000000,346506.88980000,555658652.17230100,557213,181653.78470000,291450880.02024000,0,1675252800000,1675295999999
2023-02-01 01:00:00,2023-02-01 12:59:59.999,1585.32000000,1592.94000000,1566.24000000,1580.87000000,128110.28110000,202315687.71585000,238061,64416.43700000,101740679.87668000,0,1675209600000,1675252799999
2023-01-31 13:00:00,2023-02-01 00:59:59.999,1570.91000000,1605.18000000,1564.02000000,1585.33000000,200014.04370000,317086295.95921200,325170,100256.89560000,158954400.07727200,0,1675166400000,1675209599999
2023-01-31 01:00:00,2023-01-31 12:59:59.999,1566.21000000,1583.98000000,1561.63000000,1570.91000000,148842.63140000,233775978.18848100,239955,73542.07110000,115525154.76879000,0,1675123200000,1675166399999
2023-01-30 13:00:00,2023-01-31 00:59:59.999,1581.55000000,1597.03000000,1535.00000000,1566.20000000,310555.20900000,487350297.35156900,414793,150843.52340000,236768110.67098000,0,1675080000000,1675123199999
2023-01-30 01:00:00,2023-01-30 12:59:59.999,1644.73000000,1647.53000000,1577.00000000,1581.55000000,284500.11910000,458312796.56654800,368910,136477.51730000,219709573.65855700,0,1675036800000,1675079999999
2023-01-29 13:00:00,2023-01-30 00:59:59.999,1609.08000000,1660.00000000,1603.52000000,1644.72000000,305241.66510000,497734396.02594400,416212,152262.38110000,248257848.31702600,0,1674993600000,1675036799999
2023-01-29 01:00:00,2023-01-29 12:59:59.999,1572.10000000,1619.79000000,1566.33000000,1609.08000000,246526.24830000,394400715.00256600,330843,129513.63660000,207220693.63755100,0,1674950400000,1674993599999
2023-01-28 13:00:00,2023-01-29 00:59:59.999,1586.19000000,1586.19000000,1555.99000000,1572.10000000,179099.75760000,281553251.54115900,239162,94560.11910000,148635354.64471600,0,1674907200000,1674950399999
2023-01-28 01:00:00,2023-01-28 12:59:59.999,1597.61000000,1606.83000000,1578.63000000,1586.18000000,134575.89980000,214456172.09161000,222826,65247.43390000,103990235.98382300,0,1674864000000,1674907199999
2023-01-27 13:00:00,2023-01-28 00:59:59.999,1578.84000000,1621.00000000,1561.00000000,1597.62000000,271025.41790000,431264707.31524400,385187,141842.30360000,225806498.29244400,0,1674820800000,1674863999999
2023-01-27 01:00:00,2023-01-27 12:59:59.999,1601.08000000,1606.53000000,1552.54000000,1578.84000000,241067.96960000,379629752.27756800,336152,129883.38640000,204424273.96673600,0,1674777600000,1674820799999
2023-01-26 13:00:00,2023-01-27 00:59:59.999,1604.33000000,1621.06000000,1577.43000000,1601.09000000,294869.89200000,472856339.19150800,377467,146124.88860000,234364384.28692100,0,1674734400000,1674777599999
2023-01-26 01:00:00,2023-01-26 12:59:59.999,1611.95000000,1632.84000000,1590.00000000,1604.33000000,237907.95460000,383438113.35756400,284243,109459.60830000,176435671.16845900,0,1674691200000,1674734399999
2023-01-25 13:00:00,2023-01-26 00:59:59.999,1545.50000000,1641.00000000,1525.00000000,1611.94000000,403569.11970000,635963891.44116200,520188,212741.03700000,335497333.44495100,0,1674648000000,1674691199999
2023-01-25 01:00:00,2023-01-25 12:59:59.999,1555.97000000,1558.91000000,1518.00000000,1545.49000000,242905.79690000,374994417.08209700,312388,124059.29810000,191520394.57059800,0,1674604800000,1674647999999
2023-01-24 13:00:00,2023-01-25 00:59:59.999,1625.59000000,1632.12000000,1535.00000000,1555.97000000,311693.54300000,496959232.77359200,429785,145790.50980000,232551032.81131700,0,1674561600000,1674604799999
2023-01-24 01:00:00,2023-01-24 12:59:59.999,1626.28000000,1641.46000000,1614.39000000,1625.60000000,150581.78130000,245524016.00485600,234475,73738.74880000,120243873.08080700,0,1674518400000,1674561599999
2023-01-23 13:00:00,2023-01-24 00:59:59.999,1636.66000000,1648.09000000,1585.29000000,1626.29000000,281620.24310000,457001217.81651500,375847,139680.17770000,226733851.26423800,0,1674475200000,1674518399999
2023-01-23 01:00:00,2023-01-23 12:59:59.999,1627.43000000,1642.58000000,1625.68000000,1636.67000000,125646.87250000,205441058.19012700,226997,63346.28920000,103580665.44271500,0,1674432000000,1674475199999
2023-01-22 13:00:00,2023-01-23 00:59:59.999,1624.57000000,1663.89000000,1607.06000000,1627.44000000,275150.49560000,449505453.87260000,344130,134880.99210000,220377730.85882900,0,1674388800000,1674431999999
2023-01-22 01:00:00,2023-01-22 12:59:59.999,1626.65000000,1636.49000000,1604.00000000,1624.57000000,156579.19530000,254378364.74480500,205879,81265.22580000,132024229.40148600,0,1674345600000,1674388799999
2023-01-21 13:00:00,2023-01-22 00:59:59.999,1647.04000000,1668.88000000,1622.09000000,1626.66000000,211637.44990000,349438765.77862000,303837,102147.25870000,168782738.47823400,0,1674302400000,1674345599999
2023-01-21 01:00:00,2023-01-21 12:59:59.999,1658.53000000,1679.26000000,1616.21000000,1647.04000000,282611.15100000,466551329.56823100,344858,140438.03590000,231892261.87202100,0,1674259200000,1674302399999
2023-01-20 13:00:00,2023-01-21 00:59:59.999,1549.48000000,1669.90000000,1549.02000000,1658.52000000,329247.14660000,529564666.37487200,508392,177220.43710000,284949235.90147600,0,1674216000000,1674259199999
2023-01-20 01:00:00,2023-01-20 12:59:59.999,1551.09000000,1563.88000000,1542.02000000,1549.49000000,111323.85080000,172663251.49579100,202241,53037.58430000,82263585.43076100,0,1674172800000,1674215999999
2023-01-19 13:00:00,2023-01-20 00:59:59.999,1519.60000000,1564.43000000,1513.33000000,1551.09000000,204687.72930000,314799512.34964000,291345,105187.98700000,161797161.75894100,0,1674129600000,1674172799999
2023-01-19 01:00:00,2023-01-19 12:59:59.999,1511.44000000,1532.50000000,1509.15000000,1519.61000000,103991.73520000,158421298.58529000,185858,52672.34940000,80241581.19236400,0,1674086400000,1674129599999
2023-01-18 13:00:00,2023-01-19 00:59:59.999,1575.90000000,1610.00000000,1501.39000000,1511.43000000,581630.14670000,902282150.65607500,670518,289933.52740000,449828940.64913500,0,1674043200000,1674086399999
2023-01-18 01:00:00,2023-01-18 12:59:59.999,1565.56000000,1592.01000000,1562.93000000,1575.90000000,170904.73900000,269961017.07378800,243069,89515.81910000,141411969.71534700,0,1674000000000,1674043199999
2023-01-17 13:00:00,2023-01-18 00:59:59.999,1569.08000000,1609.00000000,1560.97000000,1565.57000000,322606.50040000,509552226.40414800,404925,163987.73240000,259023831.14565800,0,1673956800000,1673999999999
2023-01-17 01:00:00,2023-01-17 12:59:59.999,1576.94000000,1582.60000000,1541.15000000,1569.07000000,184165.22150000,288000393.78318900,298400,89812.72940000,140488407.55606300,0,1673913600000,1673956799999
2023-01-16 13:00:00,2023-01-17 00:59:59.999,1542.31000000,1604.50000000,1521.31000000,1576.94000000,284651.32640000,445716686.02028800,404308,145179.72660000,227427980.17166900,0,1673870400000,1673913599999
2023-01-16 01:00:00,2023-01-16 12:59:59.999,1552.52000000,1584.58000000,1523.20000000,1542.32000000,289971.56890000,452237066.90969600,398135,138173.71000000,215530625.85681000,0,1673827200000,1673870399999
2023-01-15 13:00:00,2023-01-16 00:59:59.999,1533.36000000,1566.66000000,1528.93000000,1552.52000000,218626.77090000,338157457.21414600,320780,111165.30330000,171948978.50953900,0,1673784000000,1673827199999
2023-01-15 01:00:00,2023-01-15 12:59:59.999,1549.91000000,1552.22000000,1516.03000000,1533.35000000,169205.94290000,258469295.08369700,269400,81334.38560000,124229098.64046200,0,1673740800000,1673783999999
2023-01-14 13:00:00,2023-01-15 00:59:59.999,1530.08000000,1559.91000000,1507.15000000,1549.90000000,277525.83820000,425233772.93903200,399054,139365.69560000,213583668.95782600,0,1673697600000,1673740799999
2023-01-14 01:00:00,2023-01-14 12:59:59.999,1451.21000000,1599.98000000,1449.14000000,1530.09000000,663165.93920000,1019050045.25013900,788745,343476.52630000,527594509.61939700,0,1673654400000,1673697599999
2023-01-13 13:00:00,2023-01-14 00:59:59.999,1409.71000000,1464.00000000,1401.61000000,1451.20000000,317122.83060000,452948694.57590100,411980,165466.52700000,236288564.09755700,0,1673611200000,1673654399999
2023-01-13 01:00:00,2023-01-13 12:59:59.999,1415.91000000,1419.50000000,1401.03000000,1409.71000000,182255.03430000,257014596.96572800,258555,93976.72780000,132533410.04503000,0,1673568000000,1673611199999
2023-01-12 13:00:00,2023-01-13 00:59:59.999,1397.78000000,1438.00000000,1361.92000000,1415.92000000,528600.66480000,742778602.74926500,547884,267814.17290000,376492938.44118800,0,1673524800000,1673567999999
2023-01-12 01:00:00,2023-01-12 12:59:59.999,1389.40000000,1418.77000000,1386.00000000,1397.78000000,349111.78440000,488882245.11898400,325656,171105.21540000,239596501.25936600,0,1673481600000,1673524799999
2023-01-11 13:00:00,2023-01-12 00:59:59.999,1336.44000000,1398.00000000,1321.04000000,1389.39000000,329383.88270000,444274586.80068100,349231,165324.21360000,223011101.32560300,0,1673438400000,1673481599999
2023-01-11 01:00:00,2023-01-11 12:59:59.999,1335.63000000,1341.50000000,1327.19000000,1336.45000000,143082.07290000,190844359.62884000,185514,70270.01010000,93740790.77573800,0,1673395200000,1673438399999
2023-01-10 13:00:00,2023-01-11 00:59:59.999,1329.32000000,1347.69000000,1323.07000000,1335.62000000,249697.62380000,333303062.56738000,256804,120590.81980000,160961403.78322200,0,1673352000000,1673395199999
2023-01-10 01:00:00,2023-01-10 12:59:59.999,1320.40000000,1334.73000000,1316.80000000,1329.32000000,209962.60690000,278377528.17395200,210615,103173.07280000,136801447.82850200,0,1673308800000,1673351999999
2023-01-09 13:00:00,2023-01-10 00:59:59.999,1318.28000000,1344.91000000,1315.08000000,1320.39000000,275001.55380000,365610166.19598000,326444,129735.18840000,172518113.55065100,0,1673265600000,1673308799999
2023-01-09 01:00:00,2023-01-09 12:59:59.999,1290.15000000,1327.50000000,1285.44000000,1318.27000000,306726.14300000,401029919.73441700,341115,160529.10920000,209875876.52030600,0,1673222400000,1673265599999
2023-01-08 13:00:00,2023-01-09 00:59:59.999,1261.68000000,1296.00000000,1261.27000000,1290.16000000,153281.43590000,195200965.71911700,218690,85577.16700000,109013801.91378400,0,1673179200000,1673222399999
2023-01-08 01:00:00,2023-01-08 12:59:59.999,1264.06000000,1266.22000000,1257.77000000,1261.67000000,60355.34890000,76172411.81094100,122808,27924.36600000,35243042.83278500,0,1673136000000,1673179199999
2023-01-07 13:00:00,2023-01-08 00:59:59.999,1263.79000000,1266.61000000,1261.30000000,1264.07000000,68558.59530000,86638472.33956100,125463,34986.20350000,44215109.43670300,0,1673092800000,1673135999999
2023-01-07 01:00:00,2023-01-07 12:59:59.999,1269.13000000,1271.09000000,1262.24000000,1263.79000000,60915.69310000,77122077.67209500,117331,29471.67140000,37315322.56912000,0,1673049600000,1673092799999
2023-01-06 13:00:00,2023-01-07 00:59:59.999,1243.40000000,1276.70000000,1236.00000000,1269.14000000,226662.75950000,285196671.79466300,277275,117066.39340000,147300640.63908200,0,1673006400000,1673049599999
2023-01-06 01:00:00,2023-01-06 12:59:59.999,1251.25000000,1257.98000000,1237.98000000,1243.40000000,115681.44280000,144451675.31794000,167565,55211.09880000,68952236.28375400,0,1672963200000,1673006399999
2023-01-05 13:00:00,2023-01-06 00:59:59.999,1255.90000000,1256.01000000,1242.81000000,1251.24000000,137620.52210000,172040753.94957800,175576,69142.95880000,86450462.81093600,0,1672920000000,1672963199999
2023-01-05 01:00:00,2023-01-05 12:59:59.999,1256.91000000,1259.95000000,1245.30000000,1255.91000000,135184.80790000,169339065.32853200,163869,68253.60410000,85517826.01650400,0,1672876800000,1672919999999
2023-01-04 13:00:00,2023-01-05 00:59:59.999,1251.59000000,1272.60000000,1241.89000000,1256.90000000,202602.87810000,254391048.88750100,254995,104633.05180000,131406455.10242700,0,1672833600000,1672876799999
2023-01-04 01:00:00,2023-01-04 12:59:59.999,1214.56000000,1264.00000000,1212.71000000,1251.58000000,255196.78670000,317414712.27055400,271425,132225.29090000,164351699.51873700,0,1672790400000,1672833599999
2023-01-03 13:00:00,2023-01-04 00:59:59.999,1214.98000000,1219.24000000,1204.93000000,1214.55000000,129362.90360000,156742195.05346000,170249,60927.50360000,73843128.21626100,0,1672747200000,1672790399999
2023-01-03 01:00:00,2023-01-03 12:59:59.999,1213.99000000,1219.89000000,1211.50000000,1214.98000000,76156.59080000,92583148.19878500,126460,36945.84790000,44917444.79454800,0,1672704000000,1672747199999
2023-01-02 13:00:00,2023-01-03 00:59:59.999,1217.35000000,1223.85000000,1211.22000000,1214.00000000,88346.94370000,107541075.58816500,138234,42701.00890000,51983515.78606300,0,1672660800000,1672703999999
2023-01-02 01:00:00,2023-01-02 12:59:59.999,1200.33000000,1224.29000000,1193.00000000,1217.35000000,164447.19630000,199116361.93931400,191766,80768.93450000,97753659.82453200,0,1672617600000,1672660799999
2023-01-01 13:00:00,2023-01-02 00:59:59.999,1196.35000000,1204.67000000,1193.54000000,1200.34000000,68066.36380000,81659894.37180100,119009,35866.79710000,43028992.34696100,0,1672574400000,1672617599999
2023-01-01 01:00:00,2023-01-01 12:59:59.999,1196.13000000,1197.41000000,1190.57000000,1196.34000000,49695.70470000,59355102.28390700,114142,24188.70360000,28889688.08184400,0,1672531200000,1672574399999
2022-12-31 13:00:00,2023-01-01 00:59:59.999,1197.20000000,1208.46000000,1193.08000000,1196.13000000,86357.33840000,103722509.84751800,141380,43511.52290000,52260105.87575000,0,1672488000000,1672531199999
2022-12-31 01:00:00,2022-12-31 12:59:59.999,1199.98000000,1200.49000000,1191.66000000,1197.20000000,53021.94270000,63439210.93335200,120189,26716.01360000,31966102.42724400,0,1672444800000,1672487999999
2022-12-30 13:00:00,2022-12-31 00:59:59.999,1190.69000000,1201.63000000,1181.08000000,1199.99000000,136032.35700000,162426732.72905000,186765,69580.97490000,83081967.47516300,0,1672401600000,1672444799999
2022-12-30 01:00:00,2022-12-30 12:59:59.999,1200.48000000,1202.15000000,1184.59000000,1190.70000000,129981.85450000,155098091.84873700,177618,60999.96400000,72784729.91240900,0,1672358400000,1672401599999
2022-12-29 13:00:00,2022-12-30 00:59:59.999,1198.84000000,1206.57000000,1191.48000000,1200.49000000,132427.66430000,158878455.66746400,201726,63729.29990000,76459479.92575500,0,1672315200000,1672358399999
2022-12-29 01:00:00,2022-12-29 12:59:59.999,1190.15000000,1202.99000000,1186.77000000,1198.84000000,116702.82260000,139366651.54551600,175475,59651.61030000,71232841.98154500,0,1672272000000,1672315199999
2022-12-28 13:00:00,2022-12-29 00:59:59.999,1196.31000000,1208.15000000,1181.06000000,1190.15000000,212547.93270000,253846537.06247900,253763,105415.51600000,125911880.61324000,0,1672228800000,1672271999999
2022-12-28 01:00:00,2022-12-28 12:59:59.999,1211.55000000,1215.78000000,1186.69000000,1196.30000000,155280.95870000,186029369.92971600,221029,72939.14400000,87357764.41216200,0,1672185600000,1672228799999
2022-12-27 13:00:00,2022-12-28 00:59:59.999,1219.38000000,1219.44000000,1200.58000000,1211.55000000,153941.72280000,186419517.23308700,197707,74817.49930000,90596235.66454600,0,1672142400000,1672185599999
2022-12-27 01:00:00,2022-12-27 12:59:59.999,1228.12000000,1233.73000000,1215.00000000,1219.38000000,108495.91700000,132680622.30962200,174483,54400.78460000,66536335.57442600,0,1672099200000,1672142399999
2022-12-26 13:00:00,2022-12-27 00:59:59.999,1220.42000000,1231.09000000,1211.67000000,1228.11000000,92837.91650000,113097780.44264400,154300,46500.89970000,56659354.60675900,0,1672056000000,1672099199999
2022-12-26 01:00:00,2022-12-26 12:59:59.999,1218.52000000,1224.20000000,1216.81000000,1220.42000000,69885.16920000,85291700.73725100,154220,33148.49180000,40455595.95531500,0,1672012800000,1672055999999
2022-12-25 13:00:00,2022-12-26 00:59:59.999,1217.55000000,1225.00000000,1193.18000000,1218.51000000,182475.34010000,220849212.20971900,245350,91552.36970000,110800587.57900400,0,1671969600000,1672012799999
2022-12-25 01:00:00,2022-12-25 12:59:59.999,1220.42000000,1224.31000000,1215.69000000,1217.54000000,49176.72110000,59984142.50173000,134072,23650.98590000,28849078.87409200,0,1671926400000,1671969599999
2022-12-24 13:00:00,2022-12-25 00:59:59.999,1219.54000000,1227.99000000,1217.63000000,1220.41000000,63763.99290000,77843391.63222400,140020,31077.94300000,37938097.95422100,0,1671883200000,1671926399999
2022-12-24 01:00:00,2022-12-24 12:59:59.999,1219.98000000,1221.20000000,1214.69000000,1219.54000000,59937.53720000,73020947.04125500,156973,30699.53540000,37401005.86995100,0,1671840000000,1671883199999
2022-12-23 13:00:00,2022-12-24 00:59:59.999,1222.99000000,1231.99000000,1210.00000000,1219.99000000,163008.59060000,198949126.77117900,228279,79892.96000000,97510279.37494100,0,1671796800000,1671839999999
2022-12-23 01:00:00,2022-12-23 12:59:59.999,1217.72000000,1229.35000000,1214.74000000,1223.00000000,115595.69760000,141197481.90633100,211131,59850.65830000,73114122.52766700,0,1671753600000,1671796799999
2022-12-22 13:00:00,2022-12-23 00:59:59.999,1217.49000000,1237.99000000,1182.54000000,1217.71000000,241318.82160000,290560409.46835200,296072,122350.53980000,147324778.54441000,0,1671710400000,1671753599999
2022-12-22 01:00:00,2022-12-22 12:59:59.999,1213.78000000,1221.63000000,1209.52000000,1217.49000000,95442.83820000,115959687.29835700,192686,48667.26910000,59134153.67911400,0,1671667200000,1671710399999
2022-12-21 13:00:00,2022-12-22 00:59:59.999,1216.62000000,1223.39000000,1205.16000000,1213.78000000,121274.21250000,147030267.77293600,196649,58729.58110000,71210042.03990600,0,1671624000000,1671667199999
2022-12-21 01:00:00,2022-12-21 12:59:59.999,1216.95000000,1219.17000000,1203.02000000,1216.61000000,124449.62520000,150746351.35340700,217282,65824.10260000,79724424.60596000,0,1671580800000,1671623999999
2022-12-20 13:00:00,2022-12-21 00:59:59.999,1212.31000000,1230.47000000,1198.20000000,1216.94000000,211145.60110000,256590380.30754500,308758,106856.60160000,129874693.35196300,0,1671537600000,1671580799999
2022-12-20 01:00:00,2022-12-20 12:59:59.999,1167.82000000,1219.08000000,1163.12000000,1212.31000000,254038.59320000,304488766.37248000,315444,135285.92820000,162156582.03647800,0,1671494400000,1671537599999
2022-12-19 13:00:00,2022-12-20 00:59:59.999,1183.27000000,1189.54000000,1150.51000000,1167.82000000,185355.98790000,217376824.47127000,261565,85556.41040000,100323316.98185100,0,1671451200000,1671494399999
2022-12-19 01:00:00,2022-12-19 12:59:59.999,1183.06000000,1195.00000000,1174.00000000,1183.28000000,111476.73490000,131936165.90314400,182191,55875.76360000,66145848.04040400,0,1671408000000,1671451199999
2022-12-18 13:00:00,2022-12-19 00:59:59.999,1182.27000000,1194.50000000,1173.39000000,1183.06000000,124363.33790000,147025402.34863600,200112,58684.64170000,69396386.44103500,0,1671364800000,1671407999999
2022-12-18 01:00:00,2022-12-18 12:59:59.999,1187.16000000,1199.54000000,1170.32000000,1182.28000000,127896.80610000,151583025.00415100,185093,65324.04540000,77450915.26265300,0,1671321600000,1671364799999
2022-12-17 13:00:00,2022-12-18 00:59:59.999,1180.05000000,1190.03000000,1171.36000000,1187.16000000,116500.57860000,137388818.12219200,171254,57743.96260000,68105053.46154900,0,1671278400000,1671321599999
2022-12-17 01:00:00,2022-12-17 12:59:59.999,1166.82000000,1188.62000000,1161.92000000,1180.05000000,212381.04950000,249757176.23078200,272055,105887.66970000,124528797.39293300,0,1671235200000,1671278399999
2022-12-16 13:00:00,2022-12-17 00:59:59.999,1212.84000000,1218.23000000,1155.32000000,1166.83000000,465375.94630000,554849276.46667000,500534,227394.74100000,270789463.62516400,0,1671192000000,1671235199999
2022-12-16 01:00:00,2022-12-16 12:59:59.999,1266.53000000,1280.06000000,1205.50000000,1212.83000000,286046.33160000,352984419.82134300,382537,135888.82200000,167685176.79180900,0,1671148800000,1671191999999
2022-12-15 13:00:00,2022-12-16 00:59:59.999,1291.28000000,1291.28000000,1259.27000000,1266.54000000,224970.78190000,286103211.58112200,233420,102184.17630000,129935332.17222600,0,1671105600000,1671148799999
2022-12-15 01:00:00,2022-12-15 12:59:59.999,1307.45000000,1311.14000000,1281.12000000,1291.27000000,165080.46280000,213130508.40455700,211742,79867.17820000,103112607.04622300,0,1671062400000,1671105599999
2022-12-14 13:00:00,2022-12-15 00:59:59.999,1326.50000000,1352.72000000,1301.00000000,1307.44000000,427590.84240000,567013240.17268300,382993,211626.33360000,280691327.48488000,0,1671019200000,1671062399999
2022-12-14 01:00:00,2022-12-14 12:59:59.999,1320.69000000,1329.00000000,1315.72000000,1326.49000000,126874.72930000,167765300.82131300,165813,62552.04530000,82714289.37335100,0,1670976000000,1671019199999
2022-12-13 13:00:00,2022-12-14 00:59:59.999,1286.92000000,1349.00000000,1286.53000000,1320.69000000,414815.07760000,547995206.06169900,491385,202693.51510000,267693205.17395300,0,1670932800000,1670975999999
2022-12-13 01:00:00,2022-12-13 12:59:59.999,1275.41000000,1290.00000000,1255.10000000,1286.93000000,244578.80490000,311600089.31719600,322406,130168.15760000,165847555.41951200,0,1670889600000,1670932799999
2022-12-12 13:00:00,2022-12-13 00:59:59.999,1254.40000000,1278.90000000,1243.58000000,1275.40000000,177400.49590000,223434860.67815500,247322,95421.36320000,120245857.11979900,0,1670846400000,1670889599999
2022-12-12 01:00:00,2022-12-12 12:59:59.999,1263.00000000,1263.01000000,1240.03000000,1254.40000000,186350.05220000,232912897.59968800,242565,90634.04240000,113280756.47860200,0,1670803200000,1670846399999
2022-12-11 13:00:00,2022-12-12 00:59:59.999,1273.44000000,1284.75000000,1255.85000000,1263.01000000,118360.55520000,150363075.42313000,187716,55483.69210000,70504956.32735900,0,1670760000000,1670803199999
2022-12-11 01:00:00,2022-12-11 12:59:59.999,1266.35000000,1278.13000000,1265.40000000,1273.45000000,62134.34680000,79080229.30990100,126815,32430.01900000,41271955.02126400,0,1670716800000,1670759999999
2022-12-10 13:00:00,2022-12-11 00:59:59.999,1266.19000000,1283.61000000,1261.95000000,1266.35000000,112376.22770000,142908443.91296000,183106,59852.76070000,76125523.93869300,0,1670673600000,1670716799999
2022-12-10 01:00:00,2022-12-10 12:59:59.999,1263.11000000,1268.60000000,1259.60000000,1266.18000000,69902.41190000,88393489.67723100,139347,33144.59650000,41916339.84464100,0,1670630400000,1670673599999
2022-12-09 13:00:00,2022-12-10 00:59:59.999,1287.84000000,1296.64000000,1250.00000000,1263.10000000,218891.31180000,278647526.10824600,291359,107958.51850000,137483939.19283900,0,1670587200000,1670630399999
2022-12-09 01:00:00,2022-12-09 12:59:59.999,1280.18000000,1292.95000000,1273.13000000,1287.83000000,187116.69140000,240157420.66322300,248719,95841.74330000,122973363.09605900,0,1670544000000,1670587199999
2022-12-08 13:00:00,2022-12-09 00:59:59.999,1240.40000000,1292.58000000,1235.97000000,1280.18000000,256270.15620000,324491713.78787400,359658,131005.47520000,165906682.00062700,0,1670500800000,1670543999999
2022-12-08 01:00:00,2022-12-08 12:59:59.999,1231.18000000,1245.41000000,1222.01000000,1240.40000000,150383.38850000,185284599.63596500,200226,74491.96550000,91803105.50393400,0,1670457600000,1670500799999
2022-12-07 13:00:00,2022-12-08 00:59:59.999,1224.96000000,1239.94000000,1219.21000000,1231.18000000,166432.26660000,204701486.43565800,218471,84191.81510000,103542462.83784100,0,1670414400000,1670457599999
2022-12-07 01:00:00,2022-12-07 12:59:59.999,1271.31000000,1278.69000000,1218.01000000,1224.97000000,232127.25000000,288004894.09107600,311827,115141.90110000,142914424.62140100,0,1670371200000,1670414399999
2022-12-06 13:00:00,2022-12-07 00:59:59.999,1256.09000000,1274.76000000,1241.56000000,1271.32000000,168980.32970000,212072868.49841900,256748,87973.14000000,110423667.61831400,0,1670328000000,1670371199999
2022-12-06 01:00:00,2022-12-06 12:59:59.999,1259.41000000,1270.08000000,1242.00000000,1256.08000000,132651.50930000,167022237.85688600,214349,61031.39140000,76867313.15762700,0,1670284800000,1670327999999
2022-12-05 13:00:00,2022-12-06 00:59:59.999,1295.13000000,1295.13000000,1246.61000000,1259.41000000,200468.21550000,254027871.56261800,335629,94923.58320000,120288908.28500800,0,1670241600000,1670284799999
2022-12-05 01:00:00,2022-12-05 12:59:59.999,1279.40000000,1305.11000000,1276.68000000,1295.13000000,191160.30110000,247532414.13689100,277285,93709.82120000,121348966.64922500,0,1670198400000,1670241599999
2022-12-04 13:00:00,2022-12-05 00:59:59.999,1254.94000000,1287.19000000,1249.65000000,1279.41000000,172066.80130000,218251987.70524100,250268,88036.37120000,111695042.75822300,0,1670155200000,1670198399999
2022-12-04 01:00:00,2022-12-04 12:59:59.999,1240.50000000,1267.35000000,1240.10000000,1254.94000000,152062.74530000,191152665.34323400,248053,72474.34930000,91111299.71671000,0,1670112000000,1670155199999
2022-12-03 13:00:00,2022-12-04 00:59:59.999,1269.40000000,1275.20000000,1236.26000000,1240.51000000,146785.15350000,184715102.87486000,263310,64998.58410000,81799034.34467500,0,1670068800000,1670111999999
2022-12-03 01:00:00,2022-12-03 12:59:59.999,1295.58000000,1309.00000000,1260.54000000,1269.39000000,200363.10530000,256742315.45705900,330772,91778.28850000,117698679.46676000,0,1670025600000,1670068799999
2022-12-02 13:00:00,2022-12-03 00:59:59.999,1288.82000000,1297.18000000,1268.00000000,1295.59000000,207993.50020000,266772074.85274200,308818,104108.83350000,133545316.80938400,0,1669982400000,1670025599999
2022-12-02 01:00:00,2022-12-02 12:59:59.999,1276.40000000,1294.53000000,1265.24000000,1288.83000000,163566.08480000,208919216.60232100,238694,81385.03840000,103985674.52161800,0,1669939200000,1669982399999
2022-12-01 13:00:00,2022-12-02 00:59:59.999,1282.94000000,1299.90000000,1262.77000000,1276.41000000,224502.03310000,286724744.28273300,310803,112062.06400000,143187585.89190300,0,1669896000000,1669939199999
2022-12-01 01:00:00,2022-12-01 12:59:59.999,1294.46000000,1295.88000000,1276.13000000,1282.94000000,205516.70600000,264044931.76135100,276908,111170.49270000,142837529.88049300,0,1669852800000,1669895999999
2022-11-30 13:00:00,2022-12-01 00:59:59.999,1266.73000000,1309.77000000,1255.10000000,1294.46000000,445696.07520000,570009002.54308700,475405,229909.97030000,294124416.94772200,0,1669809600000,1669852799999
2022-11-30 01:00:00,2022-11-30 12:59:59.999,1216.49000000,1283.47000000,1212.50000000,1266.72000000,369983.19650000,468739739.96067100,509768,199608.08000000,252837347.73900400,0,1669766400000,1669809599999
2022-11-29 13:00:00,2022-11-30 00:59:59.999,1217.32000000,1228.37000000,1202.96000000,1216.49000000,215128.82420000,261166992.05182700,367044,112576.69510000,136691021.74925800,0,1669723200000,1669766399999
2022-11-29 01:00:00,2022-11-29 12:59:59.999,1167.77000000,1223.00000000,1158.27000000,1217.32000000,297014.76190000,356796794.55008800,422508,157090.62750000,188765734.31458500,0,1669680000000,1669723199999
2022-11-28 13:00:00,2022-11-29 00:59:59.999,1170.36000000,1184.98000000,1151.02000000,1167.77000000,208583.80190000,243841671.38829300,321568,101321.17450000,118446532.47274900,0,1669636800000,1669679999999
2022-11-28 01:00:00,2022-11-28 12:59:59.999,1193.88000000,1199.25000000,1158.12000000,1170.36000000,270211.80740000,316727106.17195800,386812,129253.07740000,151439471.99324800,0,1669593600000,1669636799999
2022-11-27 13:00:00,2022-11-28 00:59:59.999,1215.31000000,1220.80000000,1188.65000000,1193.88000000,143374.78200000,173471647.67618600,228944,69482.12780000,84079045.03233500,0,1669550400000,1669593599999
2022-11-27 01:00:00,2022-11-27 12:59:59.999,1205.61000000,1223.33000000,1204.31000000,1215.31000000,143012.01660000,173747210.19179000,229434,71637.80380000,87025333.49694200,0,1669507200000,1669550399999
2022-11-26 13:00:00,2022-11-27 00:59:59.999,1221.71000000,1235.66000000,1196.20000000,1205.60000000,159462.42580000,193407780.38378900,246233,75879.93790000,92067093.92451000,0,1669464000000,1669507199999
2022-11-26 01:00:00,2022-11-26 12:59:59.999,1199.29000000,1228.67000000,1196.81000000,1221.71000000,220378.38580000,268530599.62041200,319922,105485.69760000,128489522.62988000,0,1669420800000,1669463999999
2022-11-25 13:00:00,2022-11-26 00:59:59.999,1193.27000000,1207.77000000,1181.09000000,1199.30000000,165086.47950000,197111890.46260400,260715,84764.88990000,101209128.54884600,0,1669377600000,1669420799999
2022-11-25 01:00:00,2022-11-25 12:59:59.999,1203.72000000,1204.98000000,1171.20000000,1193.26000000,226343.68630000,268047182.29470100,321246,119527.93140000,141545955.76296200,0,1669334400000,1669377599999
2022-11-24 13:00:00,2022-11-25 00:59:59.999,1195.76000000,1208.22000000,1185.96000000,1203.73000000,176235.87620000,211257275.44829000,260994,92232.39510000,110566649.74257500,0,1669291200000,1669334399999
2022-11-24 01:00:00,2022-11-24 12:59:59.999,1184.52000000,1217.71000000,1180.60000000,1195.75000000,309844.73610000,372045746.97535200,355775,156423.37620000,187729731.38854100,0,1669248000000,1669291199999
2022-11-23 13:00:00,2022-11-24 00:59:59.999,1174.98000000,1190.00000000,1150.60000000,1184.52000000,295844.29990000,345652613.00459600,375900,148250.45040000,173215270.32582500,0,1669204800000,1669247999999
2022-11-23 01:00:00,2022-11-23 12:59:59.999,1139.59000000,1184.25000000,1127.75000000,1174.98000000,341082.85950000,395618529.42550200,391961,167426.04680000,194163956.50079800,0,1669161600000,1669204799999
2022-11-22 13:00:00,2022-11-23 00:59:59.999,1085.44000000,1146.13000000,1079.00000000,1139.60000000,422399.49190000,474245366.06380200,519580,213518.86150000,239710686.96223700,0,1669118400000,1669161599999
2022-11-22 01:00:00,2022-11-22 12:59:59.999,1107.34000000,1117.29000000,1075.00000000,1085.44000000,326485.08720000,357537096.63272500,380216,156024.57430000,170900268.84746300,0,1669075200000,1669118399999
2022-11-21 13:00:00,2022-11-22 00:59:59.999,1125.00000000,1146.99000000,1079.76000000,1107.34000000,522284.20960000,580750973.56932800,611988,262662.00250000,292117672.46811600,0,1669032000000,1669075199999
2022-11-21 01:00:00,2022-11-21 12:59:59.999,1142.21000000,1144.12000000,1105.65000000,1125.00000000,400363.73580000,450673531.92900000,451308,194150.34540000,218571893.89460400,0,1668988800000,1669031999999
2022-11-20 13:00:00,2022-11-21 00:59:59.999,1167.76000000,1190.00000000,1132.65000000,1142.21000000,324381.14800000,377297749.26172800,414671,154918.45770000,180182039.62373200,0,1668945600000,1668988799999
2022-11-20 01:00:00,2022-11-20 12:59:59.999,1217.67000000,1227.07000000,1160.00000000,1167.76000000,206727.61270000,247710332.53739200,278332,100563.17000000,120479242.44585500,0,1668902400000,1668945599999
2022-11-19 13:00:00,2022-11-20 00:59:59.999,1211.45000000,1235.00000000,1205.83000000,1217.67000000,108646.01960000,132134079.77285600,169810,55411.64630000,67421097.30349300,0,1668859200000,1668902399999
2022-11-19 01:00:00,2022-11-19 12:59:59.999,1212.58000000,1213.48000000,1197.67000000,1211.44000000,101143.56920000,122077386.37875300,160763,47177.74200000,56951027.07229900,0,1668816000000,1668859199999
2022-11-18 13:00:00,2022-11-19 00:59:59.999,1217.23000000,1227.81000000,1200.36000000,1212.58000000,153787.54430000,186343999.18538500,230615,75164.65500000,91080855.24209400,0,1668772800000,1668815999999
2022-11-18 01:00:00,2022-11-18 12:59:59.999,1200.42000000,1234.00000000,1199.18000000,1217.23000000,206430.98940000,251314374.48897400,262821,97566.03090000,118746084.80857300,0,1668729600000,1668772799999
2022-11-17 13:00:00,2022-11-18 00:59:59.999,1203.79000000,1217.89000000,1184.00000000,1200.43000000,256483.00770000,308288633.22219500,347462,124307.10370000,149417129.16099600,0,1668686400000,1668729599999
2022-11-17 01:00:00,2022-11-17 12:59:59.999,1216.16000000,1228.22000000,1181.05000000,1203.78000000,274054.34110000,330053786.63373600,372047,137859.23710000,165987983.92601300,0,1668643200000,1668686399999
2022-11-16 13:00:00,2022-11-17 00:59:59.999,1222.29000000,1232.66000000,1187.06000000,1216.17000000,350705.36610000,424573326.96618200,496350,173068.45320000,209508132.96484800,0,1668600000000,1668643199999
2022-11-16 01:00:00,2022-11-16 12:59:59.999,1253.22000000,1268.67000000,1215.00000000,1222.28000000,322634.35540000,401452610.87010900,472945,144584.00220000,179835959.75573600,0,1668556800000,1668599999999
2022-11-15 13:00:00,2022-11-16 00:59:59.999,1260.37000000,1291.00000000,1234.01000000,1253.23000000,345503.08050000,435939980.42604400,524935,177662.57970000,224225015.12065300,0,1668513600000,1668556799999
2022-11-15 01:00:00,2022-11-15 12:59:59.999,1243.29000000,1279.30000000,1236.15000000,1260.37000000,287322.48750000,362083560.78200800,436844,136802.42110000,172361157.78568600,0,1668470400000,1668513599999
2022-11-14 13:00:00,2022-11-15 00:59:59.999,1252.34000000,1291.20000000,1210.03000000,1243.28000000,439348.09860000,547353125.06571500,671798,214568.46420000,267453916.25638700,0,1668427200000,1668470399999
2022-11-14 01:00:00,2022-11-14 12:59:59.999,1221.50000000,1276.26000000,1171.13000000,1252.33000000,495393.90730000,605629820.53631700,799687,242164.64560000,296446860.79697100,0,1668384000000,1668427199999
2022-11-13 13:00:00,2022-11-14 00:59:59.999,1240.43000000,1248.45000000,1200.66000000,1221.49000000,258675.46780000,317535752.72130300,447965,127816.25500000,156945633.40689500,0,1668340800000,1668383999999
2022-11-13 01:00:00,2022-11-13 12:59:59.999,1257.25000000,1274.23000000,1212.00000000,1240.44000000,288735.06260000,359355486.52285600,448700,137421.35920000,171003073.34722900,0,1668297600000,1668340799999
2022-11-12 13:00:00,2022-11-13 00:59:59.999,1260.50000000,1285.52000000,1247.31000000,1257.25000000,186413.90880000,236198645.55840700,374436,91207.46690000,115595649.25086200,0,1668254400000,1668297599999
2022-11-12 01:00:00,2022-11-12 12:59:59.999,1289.35000000,1292.16000000,1238.70000000,1260.50000000,361359.00840000,456832656.04048200,559002,181648.27310000,229589641.95521000,0,1668211200000,1668254399999
2022-11-11 13:00:00,2022-11-12 00:59:59.999,1275.91000000,1310.00000000,1201.26000000,1289.28000000,742037.73350000,936087881.74513900,1289887,391031.68810000,493445115.41728600,0,1668168000000,1668211199999
2022-11-11 01:00:00,2022-11-11 12:59:59.999,1299.28000000,1309.29000000,1221.08000000,1275.85000000,566049.41630000,716326646.77575200,828443,275728.75480000,348964160.94847400,0,1668124800000,1668167999999
2022-11-10 13:00:00,2022-11-11 00:59:59.999,1187.05000000,1350.00000000,1185.52000000,1299.28000000,1102022.62230000,1419355028.42422500,1474494,555243.96720000,715187355.76346200,0,1668081600000,1668124799999
2022-11-10 01:00:00,2022-11-10 12:59:59.999,1102.73000000,1219.62000000,1085.93000000,1187.04000000,873933.05440000,1024039224.10614100,1326301,426675.03750000,500215782.30922000,0,1668038400000,1668081599999
2022-11-09 13:00:00,2022-11-10 00:59:59.999,1220.05000000,1248.55000000,1073.53000000,1102.73000000,1246466.48610000,1463407927.95405200,1819665,602685.60700000,708547672.85472100,0,1667995200000,1668038399999
2022-11-09 01:00:00,2022-11-09 12:59:59.999,1334.78000000,1337.16000000,1136.13000000,1220.04000000,1248331.44960000,1557768219.44210900,1352803,623879.70970000,777598001.81236300,0,1667952000000,1667995199999
2022-11-08 13:00:00,2022-11-09 00:59:59.999,1476.87000000,1579.98000000,1233.00000000,1334.77000000,1607002.46930000,2260770895.19223300,2050947,788814.09370000,1111478225.03981800,0,1667908800000,1667951999999
2022-11-08 01:00:00,2022-11-08 12:59:59.999,1568.09000000,1576.79000000,1431.82000000,1476.87000000,732914.03960000,1095704106.35367200,823329,360650.00340000,538856603.18112100,0,1667865600000,1667908799999
2022-11-07 13:00:00,2022-11-08 00:59:59.999,1579.99000000,1608.04000000,1545.03000000,1568.10000000,308821.04550000,487951949.83524200,463026,158844.54560000,251197880.60699800,0,1667822400000,1667865599999
2022-11-07 01:00:00,2022-11-07 12:59:59.999,1568.25000000,1595.30000000,1546.29000000,1580.00000000,333588.40390000,525094594.14519700,388936,166149.66070000,261603459.48184600,0,1667779200000,1667822399999
2022-11-06 13:00:00,2022-11-07 00:59:59.999,1620.34000000,1634.96000000,1564.39000000,1568.29000000,257326.12570000,412963332.52379600,329674,124799.14820000,200373706.27167800,0,1667736000000,1667779199999
2022-11-06 01:00:00,2022-11-06 12:59:59.999,1626.98000000,1639.02000000,1608.84000000,1620.35000000,157537.82680000,255606159.05371700,215379,78123.00100000,126792683.40949900,0,1667692800000,1667735999999
2022-11-05 13:00:00,2022-11-06 00:59:59.999,1649.58000000,1650.23000000,1621.42000000,1626.98000000,155334.52990000,253790942.40537100,222181,78051.28740000,127523906.73551000,0,1667649600000,1667692799999
2022-11-05 01:00:00,2022-11-05 12:59:59.999,1644.78000000,1666.97000000,1635.15000000,1649.58000000,196051.00630000,323270664.32835700,258707,103857.68250000,171281374.42727100,0,1667606400000,1667649599999
2022-11-04 13:00:00,2022-11-05 00:59:59.999,1577.24000000,1680.00000000,1556.20000000,1644.78000000,627410.63960000,1020192590.86719000,724229,314767.70760000,511891975.55270300,0,1667563200000,1667606399999
2022-11-04 01:00:00,2022-11-04 12:59:59.999,1531.01000000,1600.28000000,1528.40000000,1577.24000000,308120.83850000,483234461.85357800,347957,161756.46020000,253645555.50114700,0,1667520000000,1667563199999
2022-11-03 13:00:00,2022-11-04 00:59:59.999,1531.95000000,1556.00000000,1522.05000000,1531.01000000,278738.61830000,428746618.82935100,349239,140601.12240000,216298057.88353800,0,1667476800000,1667519999999
2022-11-03 01:00:00,2022-11-03 12:59:59.999,1518.33000000,1559.01000000,1515.17000000,1531.95000000,281464.26300000,434506825.93748900,329369,131609.41800000,203178784.35718000,0,1667433600000,1667476799999
2022-11-02 13:00:00,2022-11-03 00:59:59.999,1555.95000000,1621.68000000,1502.32000000,1518.34000000,659745.53240000,1029166887.43954400,805126,324258.03670000,506145440.23273000,0,1667390400000,1667433599999
2022-11-02 01:00:00,2022-11-02 12:59:59.999,1578.47000000,1600.20000000,1536.25000000,1555.94000000,321649.83240000,505619527.99966300,365965,167329.10360000,263128018.35718700,0,1667347200000,1667390399999
2022-11-01 13:00:00,2022-11-02 00:59:59.999,1590.28000000,1598.39000000,1563.69000000,1578.48000000,250502.24300000,395370074.50534400,330053,122593.63140000,193511048.75967000,0,1667304000000,1667347199999
2022-11-01 01:00:00,2022-11-01 12:59:59.999,1572.69000000,1612.92000000,1568.80000000,1590.28000000,277037.05350000,440881492.91929900,372694,144353.26470000,229763222.33265400,0,1667260800000,1667303999999
2022-10-31 13:00:00,2022-11-01 00:59:59.999,1621.27000000,1625.42000000,1545.43000000,1572.69000000,471556.64910000,743100115.10641700,606064,230848.87640000,363805448.68819100,0,1667217600000,1667260799999
2022-10-31 01:00:00,2022-10-31 12:59:59.999,1590.45000000,1635.80000000,1561.52000000,1621.27000000,338777.59230000,539997889.65932000,418744,173305.00110000,276289389.43368500,0,1667174400000,1667217599999
2022-10-30 13:00:00,2022-10-31 00:59:59.999,1605.01000000,1607.61000000,1576.56000000,1590.44000000,236172.73360000,375421027.43863700,345888,118293.23790000,188046221.18471400,0,1667131200000,1667174399999
2022-10-30 02:00:00,2022-10-30 12:59:59.999,1619.55000000,1640.06000000,1591.64000000,1605.00000000,239863.69070000,387311519.65294600,359695,119497.06770000,192979710.72504900,0,1667088000000,1667131199999
2022-10-29 14:00:00,2022-10-30 01:59:59.999,1615.41000000,1663.06000000,1604.02000000,1619.55000000,434295.33340000,707491308.52229600,535627,215284.49210000,350672552.11981500,0,1667044800000,1667087999999
2022-10-29 02:00:00,2022-10-29 13:59:59.999,1554.40000000,1652.11000000,1547.66000000,1615.42000000,479865.75120000,770324522.11687700,558705,251590.05510000,403875655.45729600,0,1667001600000,1667044799999
2022-10-28 14:00:00,2022-10-29 01:59:59.999,1498.19000000,1574.90000000,1479.82000000,1554.41000000,460155.23190000,708595198.98528500,595277,236337.36770000,363973543.87767400,0,1666958400000,1667001599999
2022-10-28 02:00:00,2022-10-28 13:59:59.999,1514.04000000,1525.32000000,1484.61000000,1498.19000000,398799.21060000,600922217.25585600,404578,210243.12140000,316848478.42908500,0,1666915200000,1666958399999
2022-10-27 14:00:00,2022-10-28 01:59:59.999,1550.97000000,1578.58000000,1503.20000000,1514.05000000,555189.29890000,856837422.82491100,703950,275972.47480000,426105470.11444200,0,1666872000000,1666915199999
2022-10-27 02:00:00,2022-10-27 13:59:59.999,1566.11000000,1577.62000000,1532.06000000,1550.98000000,314265.18620000,488562415.21242300,418924,158929.24900000,247119972.49490700,0,1666828800000,1666871999999
2022-10-26 14:00:00,2022-10-27 01:59:59.999,1528.49000000,1594.99000000,1509.43000000,1566.10000000,664666.32350000,1035167929.61447900,785437,341942.47410000,532575786.14633600,0,1666785600000,1666828799999
2022-10-26 02:00:00,2022-10-26 13:59:59.999,1459.74000000,1556.00000000,1457.44000000,1528.49000000,571378.37880000,861220140.63530600,572427,296300.98220000,446655859.39099700,0,1666742400000,1666785599999
2022-10-25 14:00:00,2022-10-26 01:59:59.999,1347.48000000,1525.16000000,1346.50000000,1459.74000000,986503.90460000,1421997683.82175800,1021515,509290.75940000,733908469.98325300,0,1666699200000,1666742399999
2022-10-25 02:00:00,2022-10-25 13:59:59.999,1343.61000000,1351.81000000,1334.94000000,1347.48000000,141428.99660000,190143162.48339900,184483,67648.83290000,90958109.48093900,0,1666656000000,1666699199999
2022-10-24 14:00:00,2022-10-25 01:59:59.999,1353.40000000,1359.43000000,1324.17000000,1343.61000000,292592.66320000,392585502.29833200,357060,142861.03280000,191716090.89789100,0,1666612800000,1666655999999
2022-10-24 02:00:00,2022-10-24 13:59:59.999,1364.19000000,1370.60000000,1332.33000000,1353.41000000,319238.13380000,430154964.37506400,341181,156794.72610000,211169070.90643100,0,1666569600000,1666612799999
2022-10-23 14:00:00,2022-10-24 01:59:59.999,1304.13000000,1371.55000000,1299.44000000,1364.20000000,332187.34850000,445266541.76197500,368464,178697.82270000,239527446.12243400,0,1666526400000,1666569599999
2022-10-23 02:00:00,2022-10-23 13:59:59.999,1313.62000000,1314.81000000,1301.30000000,1304.14000000,100082.11150000,130946081.83832900,127922,44875.05450000,58719380.93094100,0,1666483200000,1666526399999
2022-10-22 14:00:00,2022-10-23 01:59:59.999,1305.67000000,1320.20000000,1302.93000000,1313.61000000,136552.40790000,179284881.36113700,194728,72025.81720000,94547421.44729700,0,1666440000000,1666483199999
2022-10-22 02:00:00,2022-10-22 13:59:59.999,1299.76000000,1307.98000000,1294.32000000,1305.67000000,85224.29280000,110826566.26694400,128338,44445.87260000,57810392.50572900,0,1666396800000,1666439999999
2022-10-21 14:00:00,2022-10-22 01:59:59.999,1275.53000000,1306.97000000,1252.65000000,1299.75000000,317790.20810000,408168219.64903300,367768,159633.14950000,205045355.25354900,0,1666353600000,1666396799999
2022-10-21 02:00:00,2022-10-21 13:59:59.999,1282.57000000,1292.50000000,1272.73000000,1275.52000000,150286.59050000,192831721.45750000,205051,75326.06290000,96663467.39341500,0,1666310400000,1666353599999
2022-10-20 14:00:00,2022-10-21 01:59:59.999,1299.65000000,1310.87000000,1271.96000000,1282.57000000,238147.51470000,307512468.45534200,318279,114413.59060000,147782962.96898300,0,1666267200000,1666310399999
2022-10-20 02:00:00,2022-10-20 13:59:59.999,1285.09000000,1302.36000000,1270.36000000,1299.64000000,190384.09560000,245081489.75739300,239801,94954.04000000,122267707.69927900,0,1666224000000,1666267199999
2022-10-19 14:00:00,2022-10-20 01:59:59.999,1300.24000000,1308.39000000,1280.31000000,1285.09000000,195848.48750000,253643482.47005100,260155,95455.59660000,123653489.69463800,0,1666180800000,1666223999999
2022-10-19 02:00:00,2022-10-19 13:59:59.999,1310.71000000,1313.50000000,1291.93000000,1300.25000000,172789.02300000,224873147.71697200,211867,85279.90350000,110992279.90450100,0,1666137600000,1666180799999
2022-10-18 14:00:00,2022-10-19 01:59:59.999,1325.89000000,1334.59000000,1286.72000000,1310.71000000,346188.89760000,453602632.04723700,352965,168164.60570000,220374722.33998000,0,1666094400000,1666137599999
2022-10-18 02:00:00,2022-10-18 13:59:59.999,1331.39000000,1341.73000000,1318.15000000,1325.89000000,226540.02130000,301695279.24467300,250635,109625.18590000,146013660.54031700,0,1666051200000,1666094399999
2022-10-17 14:00:00,2022-10-18 01:59:59.999,1317.41000000,1338.57000000,1313.73000000,1331.40000000,271751.09510000,360556869.21933400,316170,135444.44770000,179741084.86081500,0,1666008000000,1666051199999
2022-10-17 02:00:00,2022-10-17 13:59:59.999,1305.96000000,1325.91000000,1295.64000000,1317.41000000,188097.39900000,246423102.89969000,237105,95507.06290000,125137373.83440200,0,1665964800000,1666007999999
2022-10-16 14:00:00,2022-10-17 01:59:59.999,1284.03000000,1315.35000000,1279.30000000,1305.95000000,190778.97250000,247669341.48029100,240146,98736.04180000,128153239.94954400,0,1665921600000,1665964799999
2022-10-16 02:00:00,2022-10-16 13:59:59.999,1274.93000000,1290.27000000,1274.67000000,1284.03000000,102542.39070000,131620896.15916700,156946,50959.11050000,65408469.46470700,0,1665878400000,1665921599999
2022-10-15 14:00:00,2022-10-16 01:59:59.999,1287.41000000,1291.80000000,1263.64000000,1274.92000000,149222.20550000,191019980.11880100,199661,71391.50760000,91393370.47115800,0,1665835200000,1665878399999
2022-10-15 02:00:00,2022-10-15 13:59:59.999,1296.26000000,1301.69000000,1277.01000000,1287.42000000,137878.74740000,177894580.53941200,196803,67044.55200000,86505834.75163600,0,1665792000000,1665835199999
2022-10-14 14:00:00,2022-10-15 01:59:59.999,1325.87000000,1343.12000000,1290.00000000,1296.27000000,348372.52100000,457858880.11856500,400070,165836.70750000,218111165.81728300,0,1665748800000,1665791999999
2022-10-14 02:00:00,2022-10-14 13:59:59.999,1287.08000000,1342.00000000,1283.39000000,1325.87000000,321370.28830000,425200328.59589900,388640,163795.82650000,216714178.33544600,0,1665705600000,1665748799999
2022-10-13 14:00:00,2022-10-14 01:59:59.999,1243.09000000,1301.58000000,1190.00000000,1287.08000000,612098.15710000,762487892.05213300,723732,310071.43380000,386761869.50876300,0,1665662400000,1665705599999
2022-10-13 02:00:00,2022-10-13 13:59:59.999,1294.44000000,1299.15000000,1220.41000000,1243.09000000,333520.15920000,420975015.87801200,412101,155292.98170000,195906780.03924100,0,1665619200000,1665662399999
2022-10-12 14:00:00,2022-10-13 01:59:59.999,1297.67000000,1305.59000000,1285.51000000,1294.44000000,208086.59950000,269757449.79752100,265751,102804.63800000,133280880.80196100,0,1665576000000,1665619199999
2022-10-12 02:00:00,2022-10-12 13:59:59.999,1280.11000000,1306.87000000,1275.25000000,1297.68000000,161625.97640000,209040374.74446100,212160,83081.60630000,107468631.04570300,0,1665532800000,1665575999999
2022-10-11 14:00:00,2022-10-12 01:59:59.999,1286.72000000,1298.00000000,1268.85000000,1280.11000000,213850.34270000,274703798.71350800,288780,108051.23720000,138823236.33032700,0,1665489600000,1665532799999
2022-10-11 02:00:00,2022-10-11 13:59:59.999,1290.03000000,1290.03000000,1267.01000000,1286.72000000,215580.05140000,275745038.09578900,294327,98147.23240000,125548431.11013700,0,1665446400000,1665489599999
2022-10-10 14:00:00,2022-10-11 01:59:59.999,1315.01000000,1319.68000000,1288.00000000,1290.03000000,216519.16180000,282663301.45774300,310233,106208.39550000,138679355.94229200,0,1665403200000,1665446399999
2022-10-10 02:00:00,2022-10-10 13:59:59.999,1323.13000000,1338.00000000,1296.36000000,1315.00000000,177143.84960000,233137449.88067200,277081,86933.73770000,114463302.85251900,0,1665360000000,1665403199999
2022-10-09 14:00:00,2022-10-10 01:59:59.999,1323.10000000,1329.00000000,1310.00000000,1323.13000000,102334.91830000,135196753.70725800,170350,51542.69670000,68094473.41544300,0,1665316800000,1665359999999
2022-10-09 02:00:00,2022-10-09 13:59:59.999,1315.48000000,1327.99000000,1307.26000000,1323.09000000,83867.00020000,110351077.61327300,158028,44178.73060000,58137130.15132800,0,1665273600000,1665316799999
2022-10-08 14:00:00,2022-10-09 01:59:59.999,1329.80000000,1330.18000000,1303.51000000,1315.48000000,115427.37240000,152436261.18324800,192556,54778.90450000,72361083.77222800,0,1665230400000,1665273599999
2022-10-08 02:00:00,2022-10-08 13:59:59.999,1331.10000000,1337.35000000,1323.44000000,1329.80000000,87964.28880000,117012178.15610000,190695,43830.98480000,58304408.13644300,0,1665187200000,1665230399999
2022-10-07 14:00:00,2022-10-08 01:59:59.999,1354.76000000,1358.73000000,1317.26000000,1331.10000000,333345.19040000,444462457.88708700,441391,166047.46990000,221364732.30214400,0,1665144000000,1665187199999
2022-10-07 02:00:00,2022-10-07 13:59:59.999,1352.07000000,1361.75000000,1346.01000000,1354.76000000,158654.68720000,215046265.46696600,238073,81206.15580000,110067872.49971400,0,1665100800000,1665143999999
2022-10-06 14:00:00,2022-10-07 01:59:59.999,1368.75000000,1380.30000000,1345.01000000,1352.06000000,300148.32140000,408826014.17805600,404952,143916.77060000,196068180.29612100,0,1665057600000,1665100799999
2022-10-06 02:00:00,2022-10-06 13:59:59.999,1352.20000000,1383.99000000,1351.50000000,1368.75000000,273827.00260000,374812728.97764600,384721,139047.63530000,190333287.92981100,0,1665014400000,1665057599999
2022-10-05 14:00:00,2022-10-06 01:59:59.999,1335.05000000,1364.77000000,1316.29000000,1352.20000000,314217.14570000,421330210.24184300,413671,161046.67650000,215989501.95556800,0,1664971200000,1665014399999
2022-10-05 02:00:00,2022-10-05 13:59:59.999,1361.50000000,1363.53000000,1331.41000000,1335.05000000,169291.63250000,228415113.12630300,281967,81888.36940000,110511546.65677400,0,1664928000000,1664971199999
2022-10-04 14:00:00,2022-10-05 01:59:59.999,1349.74000000,1369.55000000,1338.12000000,1361.49000000,241542.10940000,326969312.64590100,382579,122897.58720000,166395622.37300600,0,1664884800000,1664927999999
2022-10-04 02:00:00,2022-10-04 13:59:59.999,1323.10000000,1359.67000000,1318.66000000,1349.74000000,234665.56080000,314541970.75238700,389187,123914.04220000,166084043.66773100,0,1664841600000,1664884799999
